,NODE_FILE_NAME,NODE_NUMBER,NODE_HASH,NODE_TEXT,Q,A_NUMBER,A,helpfulness,correctness,coherence,complexity,verbosity
0,msd_servo_drive.txt,175,34362dd787387db763f8b8c95c54fff4f83f1db630fd490dac5adf9608349d3a,"- Please try to switch to a different version of device firmware.
- Save your dataset and reset the axis module to factory setting. See if the error persists, or if it comes with activating a certain feature.
","After resetting, what should you observe regarding the error?",A1,If the error persists or occurs with a specific feature activation.,1.9375,2.03125,3.265625,0.87109375,0.396484375
1,msd_servo_drive.txt,175,34362dd787387db763f8b8c95c54fff4f83f1db630fd490dac5adf9608349d3a,"- Please try to switch to a different version of device firmware.
- Save your dataset and reset the axis module to factory setting. See if the error persists, or if it comes with activating a certain feature.
","After resetting, what should you observe regarding the error?",A2,Monitor whether the error remains or is triggered by certain features.,3.046875,3.140625,3.71875,0.796875,0.5546875
2,msd_servo_drive.txt,175,34362dd787387db763f8b8c95c54fff4f83f1db630fd490dac5adf9608349d3a,"- Please try to switch to a different version of device firmware.
- Save your dataset and reset the axis module to factory setting. See if the error persists, or if it comes with activating a certain feature.
","After resetting, what should you observe regarding the error?",A3,Check for the error's presence or its link to activating particular functions.,2.90625,2.953125,3.546875,0.9375,0.64453125
3,msd_servo_drive.txt,175,34362dd787387db763f8b8c95c54fff4f83f1db630fd490dac5adf9608349d3a,"- Please try to switch to a different version of device firmware.
- Save your dataset and reset the axis module to factory setting. See if the error persists, or if it comes with activating a certain feature.
","After resetting, what should you observe regarding the error?",A4,Observe if the issue continues or is associated with feature use.,2.75,2.84375,3.671875,0.89453125,0.60546875
4,msd_servo_drive.txt,175,34362dd787387db763f8b8c95c54fff4f83f1db630fd490dac5adf9608349d3a,"- Please try to switch to a different version of device firmware.
- Save your dataset and reset the axis module to factory setting. See if the error persists, or if it comes with activating a certain feature.
","After resetting, what should you observe regarding the error?",A5,Note if the error still exists or appears when using specific features.,2.921875,3.0,3.53125,0.859375,0.609375
5,msd_servo_drive.txt,175,34362dd787387db763f8b8c95c54fff4f83f1db630fd490dac5adf9608349d3a,"- Please try to switch to a different version of device firmware.
- Save your dataset and reset the axis module to factory setting. See if the error persists, or if it comes with activating a certain feature.
",Can changing the firmware version resolve the device issue?,A1,"It might, as different firmware versions can have varying effects on device performance.",2.1875,2.328125,3.5,0.90625,0.31640625
6,msd_servo_drive.txt,175,34362dd787387db763f8b8c95c54fff4f83f1db630fd490dac5adf9608349d3a,"- Please try to switch to a different version of device firmware.
- Save your dataset and reset the axis module to factory setting. See if the error persists, or if it comes with activating a certain feature.
",Can changing the firmware version resolve the device issue?,A2,"Yes, if the issue is firmware-related, switching versions could help.",2.5625,2.703125,3.765625,0.91796875,0.396484375
7,msd_servo_drive.txt,175,34362dd787387db763f8b8c95c54fff4f83f1db630fd490dac5adf9608349d3a,"- Please try to switch to a different version of device firmware.
- Save your dataset and reset the axis module to factory setting. See if the error persists, or if it comes with activating a certain feature.
",Can changing the firmware version resolve the device issue?,A3,"Potentially, since firmware updates or changes can fix known bugs.",2.640625,2.734375,3.671875,1.015625,0.384765625
8,msd_servo_drive.txt,175,34362dd787387db763f8b8c95c54fff4f83f1db630fd490dac5adf9608349d3a,"- Please try to switch to a different version of device firmware.
- Save your dataset and reset the axis module to factory setting. See if the error persists, or if it comes with activating a certain feature.
",Can changing the firmware version resolve the device issue?,A4,Changing firmware is a troubleshooting step that may eliminate the error.,2.171875,2.375,3.59375,0.77734375,0.314453125
9,msd_servo_drive.txt,175,34362dd787387db763f8b8c95c54fff4f83f1db630fd490dac5adf9608349d3a,"- Please try to switch to a different version of device firmware.
- Save your dataset and reset the axis module to factory setting. See if the error persists, or if it comes with activating a certain feature.
",Can changing the firmware version resolve the device issue?,A5,"There's a possibility, depending on whether the problem stems from the firmware.",2.34375,2.53125,3.546875,0.88671875,0.1669921875
10,msd_servo_drive.txt,175,34362dd787387db763f8b8c95c54fff4f83f1db630fd490dac5adf9608349d3a,"- Please try to switch to a different version of device firmware.
- Save your dataset and reset the axis module to factory setting. See if the error persists, or if it comes with activating a certain feature.
",How can you determine if a specific feature is causing the error?,A1,By observing if the error occurs immediately after activating the feature.,1.4296875,1.2578125,3.3125,0.5390625,0.228515625
11,msd_servo_drive.txt,175,34362dd787387db763f8b8c95c54fff4f83f1db630fd490dac5adf9608349d3a,"- Please try to switch to a different version of device firmware.
- Save your dataset and reset the axis module to factory setting. See if the error persists, or if it comes with activating a certain feature.
",How can you determine if a specific feature is causing the error?,A2,Check for the error's appearance post-feature activation.,1.375,1.4296875,3.15625,0.61328125,0.0341796875
12,msd_servo_drive.txt,175,34362dd787387db763f8b8c95c54fff4f83f1db630fd490dac5adf9608349d3a,"- Please try to switch to a different version of device firmware.
- Save your dataset and reset the axis module to factory setting. See if the error persists, or if it comes with activating a certain feature.
",How can you determine if a specific feature is causing the error?,A3,Monitor the device's behavior when the feature is turned on.,1.625,1.6875,3.21875,0.59765625,0.177734375
13,msd_servo_drive.txt,175,34362dd787387db763f8b8c95c54fff4f83f1db630fd490dac5adf9608349d3a,"- Please try to switch to a different version of device firmware.
- Save your dataset and reset the axis module to factory setting. See if the error persists, or if it comes with activating a certain feature.
",How can you determine if a specific feature is causing the error?,A4,See if the issue arises only when the feature is in use.,1.8515625,1.7890625,3.265625,0.6875,0.2314453125
14,msd_servo_drive.txt,175,34362dd787387db763f8b8c95c54fff4f83f1db630fd490dac5adf9608349d3a,"- Please try to switch to a different version of device firmware.
- Save your dataset and reset the axis module to factory setting. See if the error persists, or if it comes with activating a certain feature.
",How can you determine if a specific feature is causing the error?,A5,Activate the feature and note any subsequent errors.,1.0859375,0.984375,3.125,0.369140625,0.0693359375
15,msd_servo_drive.txt,175,34362dd787387db763f8b8c95c54fff4f83f1db630fd490dac5adf9608349d3a,"- Please try to switch to a different version of device firmware.
- Save your dataset and reset the axis module to factory setting. See if the error persists, or if it comes with activating a certain feature.
",What does resetting to factory settings entail?,A1,Reverting the device's settings back to its original state.,2.09375,2.0,3.578125,0.6796875,0.36328125
16,msd_servo_drive.txt,175,34362dd787387db763f8b8c95c54fff4f83f1db630fd490dac5adf9608349d3a,"- Please try to switch to a different version of device firmware.
- Save your dataset and reset the axis module to factory setting. See if the error persists, or if it comes with activating a certain feature.
",What does resetting to factory settings entail?,A2,It means restoring the device's configuration to default values.,2.625,2.5625,3.625,0.9453125,0.3359375
17,msd_servo_drive.txt,175,34362dd787387db763f8b8c95c54fff4f83f1db630fd490dac5adf9608349d3a,"- Please try to switch to a different version of device firmware.
- Save your dataset and reset the axis module to factory setting. See if the error persists, or if it comes with activating a certain feature.
",What does resetting to factory settings entail?,A3,The process involves clearing all custom settings to defaults.,1.4609375,1.4765625,3.15625,0.625,0.189453125
18,msd_servo_drive.txt,175,34362dd787387db763f8b8c95c54fff4f83f1db630fd490dac5adf9608349d3a,"- Please try to switch to a different version of device firmware.
- Save your dataset and reset the axis module to factory setting. See if the error persists, or if it comes with activating a certain feature.
",What does resetting to factory settings entail?,A4,"Factory reset removes all changes, returning to initial settings.",1.609375,1.5078125,3.1875,0.73046875,0.2490234375
19,msd_servo_drive.txt,175,34362dd787387db763f8b8c95c54fff4f83f1db630fd490dac5adf9608349d3a,"- Please try to switch to a different version of device firmware.
- Save your dataset and reset the axis module to factory setting. See if the error persists, or if it comes with activating a certain feature.
",What does resetting to factory settings entail?,A5,It's a complete restoration of the device's original settings.,2.015625,2.046875,3.515625,0.68359375,0.2275390625
20,msd_servo_drive.txt,175,34362dd787387db763f8b8c95c54fff4f83f1db630fd490dac5adf9608349d3a,"- Please try to switch to a different version of device firmware.
- Save your dataset and reset the axis module to factory setting. See if the error persists, or if it comes with activating a certain feature.
",What is the first recommended step to troubleshoot the device issue mentioned?,A1,Switch to a different version of device firmware.,0.51953125,0.32421875,3.0625,0.322265625,0.01348876953125
21,msd_servo_drive.txt,175,34362dd787387db763f8b8c95c54fff4f83f1db630fd490dac5adf9608349d3a,"- Please try to switch to a different version of device firmware.
- Save your dataset and reset the axis module to factory setting. See if the error persists, or if it comes with activating a certain feature.
",What is the first recommended step to troubleshoot the device issue mentioned?,A2,The initial step involves changing the device firmware version.,0.447265625,0.240234375,3.109375,0.4453125,-0.00732421875
22,msd_servo_drive.txt,175,34362dd787387db763f8b8c95c54fff4f83f1db630fd490dac5adf9608349d3a,"- Please try to switch to a different version of device firmware.
- Save your dataset and reset the axis module to factory setting. See if the error persists, or if it comes with activating a certain feature.
",What is the first recommended step to troubleshoot the device issue mentioned?,A3,"To begin troubleshooting, try using another firmware version for the device.",1.1875,0.9921875,3.265625,0.640625,0.2578125
23,msd_servo_drive.txt,175,34362dd787387db763f8b8c95c54fff4f83f1db630fd490dac5adf9608349d3a,"- Please try to switch to a different version of device firmware.
- Save your dataset and reset the axis module to factory setting. See if the error persists, or if it comes with activating a certain feature.
",What is the first recommended step to troubleshoot the device issue mentioned?,A4,First action advised is to update or change the device's firmware.,1.0234375,1.0234375,3.171875,0.62890625,0.271484375
24,msd_servo_drive.txt,175,34362dd787387db763f8b8c95c54fff4f83f1db630fd490dac5adf9608349d3a,"- Please try to switch to a different version of device firmware.
- Save your dataset and reset the axis module to factory setting. See if the error persists, or if it comes with activating a certain feature.
",What is the first recommended step to troubleshoot the device issue mentioned?,A5,Start by installing a different firmware version on the device.,0.5,0.37890625,3.21875,0.365234375,0.10986328125
25,msd_servo_drive.txt,175,34362dd787387db763f8b8c95c54fff4f83f1db630fd490dac5adf9608349d3a,"- Please try to switch to a different version of device firmware.
- Save your dataset and reset the axis module to factory setting. See if the error persists, or if it comes with activating a certain feature.
",What is the purpose of resetting the axis module to factory settings?,A1,To check if the error persists.,1.109375,1.09375,3.15625,0.66796875,0.0556640625
26,msd_servo_drive.txt,175,34362dd787387db763f8b8c95c54fff4f83f1db630fd490dac5adf9608349d3a,"- Please try to switch to a different version of device firmware.
- Save your dataset and reset the axis module to factory setting. See if the error persists, or if it comes with activating a certain feature.
",What is the purpose of resetting the axis module to factory settings?,A2,Resetting helps determine whether the issue remains after restoration.,1.9140625,1.8203125,3.390625,0.86328125,0.322265625
27,msd_servo_drive.txt,175,34362dd787387db763f8b8c95c54fff4f83f1db630fd490dac5adf9608349d3a,"- Please try to switch to a different version of device firmware.
- Save your dataset and reset the axis module to factory setting. See if the error persists, or if it comes with activating a certain feature.
",What is the purpose of resetting the axis module to factory settings?,A3,The aim is to see if reverting to factory settings resolves the error.,2.453125,2.515625,3.5,1.03125,0.373046875
28,msd_servo_drive.txt,175,34362dd787387db763f8b8c95c54fff4f83f1db630fd490dac5adf9608349d3a,"- Please try to switch to a different version of device firmware.
- Save your dataset and reset the axis module to factory setting. See if the error persists, or if it comes with activating a certain feature.
",What is the purpose of resetting the axis module to factory settings?,A4,To identify if the problem is tied to current settings by resetting.,2.734375,2.734375,3.65625,1.0390625,0.330078125
29,msd_servo_drive.txt,175,34362dd787387db763f8b8c95c54fff4f83f1db630fd490dac5adf9608349d3a,"- Please try to switch to a different version of device firmware.
- Save your dataset and reset the axis module to factory setting. See if the error persists, or if it comes with activating a certain feature.
",What is the purpose of resetting the axis module to factory settings?,A5,Factory reset is performed to test for error continuation.,2.1875,2.15625,3.484375,0.90234375,0.201171875
30,msd_servo_drive.txt,175,34362dd787387db763f8b8c95c54fff4f83f1db630fd490dac5adf9608349d3a,"- Please try to switch to a different version of device firmware.
- Save your dataset and reset the axis module to factory setting. See if the error persists, or if it comes with activating a certain feature.
",What might activating a certain feature after reset indicate?,A1,That the error is related to that specific feature.,2.296875,2.390625,3.671875,0.70703125,0.2080078125
31,msd_servo_drive.txt,175,34362dd787387db763f8b8c95c54fff4f83f1db630fd490dac5adf9608349d3a,"- Please try to switch to a different version of device firmware.
- Save your dataset and reset the axis module to factory setting. See if the error persists, or if it comes with activating a certain feature.
",What might activating a certain feature after reset indicate?,A2,It suggests the issue may be tied to the functionality of the activated feature.,2.453125,2.625,3.625,0.9140625,0.3515625
32,msd_servo_drive.txt,175,34362dd787387db763f8b8c95c54fff4f83f1db630fd490dac5adf9608349d3a,"- Please try to switch to a different version of device firmware.
- Save your dataset and reset the axis module to factory setting. See if the error persists, or if it comes with activating a certain feature.
",What might activating a certain feature after reset indicate?,A3,Indicates the problem could be within the feature's operation.,2.796875,2.8125,3.6875,0.97265625,0.369140625
33,msd_servo_drive.txt,175,34362dd787387db763f8b8c95c54fff4f83f1db630fd490dac5adf9608349d3a,"- Please try to switch to a different version of device firmware.
- Save your dataset and reset the axis module to factory setting. See if the error persists, or if it comes with activating a certain feature.
",What might activating a certain feature after reset indicate?,A4,Shows the error might be dependent on that feature's activation.,2.5625,2.625,3.671875,0.90234375,0.40625
34,msd_servo_drive.txt,175,34362dd787387db763f8b8c95c54fff4f83f1db630fd490dac5adf9608349d3a,"- Please try to switch to a different version of device firmware.
- Save your dataset and reset the axis module to factory setting. See if the error persists, or if it comes with activating a certain feature.
",What might activating a certain feature after reset indicate?,A5,Points to the feature as a potential source of the error.,1.6796875,1.8515625,3.546875,0.6484375,0.2294921875
35,msd_servo_drive.txt,175,34362dd787387db763f8b8c95c54fff4f83f1db630fd490dac5adf9608349d3a,"- Please try to switch to a different version of device firmware.
- Save your dataset and reset the axis module to factory setting. See if the error persists, or if it comes with activating a certain feature.
",What should be done with the dataset before resetting the axis module?,A1,Save the dataset.,1.921875,1.828125,3.34375,0.76171875,0.034912109375
36,msd_servo_drive.txt,175,34362dd787387db763f8b8c95c54fff4f83f1db630fd490dac5adf9608349d3a,"- Please try to switch to a different version of device firmware.
- Save your dataset and reset the axis module to factory setting. See if the error persists, or if it comes with activating a certain feature.
",What should be done with the dataset before resetting the axis module?,A2,Ensure the dataset is saved prior to resetting.,2.484375,2.46875,3.765625,0.84765625,0.30078125
37,msd_servo_drive.txt,175,34362dd787387db763f8b8c95c54fff4f83f1db630fd490dac5adf9608349d3a,"- Please try to switch to a different version of device firmware.
- Save your dataset and reset the axis module to factory setting. See if the error persists, or if it comes with activating a certain feature.
",What should be done with the dataset before resetting the axis module?,A3,"Before resetting, make sure to save your dataset.",2.28125,2.265625,3.59375,1.015625,0.26171875
38,msd_servo_drive.txt,175,34362dd787387db763f8b8c95c54fff4f83f1db630fd490dac5adf9608349d3a,"- Please try to switch to a different version of device firmware.
- Save your dataset and reset the axis module to factory setting. See if the error persists, or if it comes with activating a certain feature.
",What should be done with the dataset before resetting the axis module?,A4,The dataset must be saved before proceeding with the reset.,2.4375,2.421875,3.671875,0.984375,0.25390625
39,msd_servo_drive.txt,175,34362dd787387db763f8b8c95c54fff4f83f1db630fd490dac5adf9608349d3a,"- Please try to switch to a different version of device firmware.
- Save your dataset and reset the axis module to factory setting. See if the error persists, or if it comes with activating a certain feature.
",What should be done with the dataset before resetting the axis module?,A5,Always backup your dataset before initiating a reset.,2.625,2.578125,3.5625,0.87109375,0.228515625
40,msd_servo_drive.txt,175,34362dd787387db763f8b8c95c54fff4f83f1db630fd490dac5adf9608349d3a,"- Please try to switch to a different version of device firmware.
- Save your dataset and reset the axis module to factory setting. See if the error persists, or if it comes with activating a certain feature.
",What steps should be taken if the error persists after all recommended actions?,A1,Consider contacting technical support for further assistance.,2.984375,3.1875,3.875,0.70703125,0.24609375
41,msd_servo_drive.txt,175,34362dd787387db763f8b8c95c54fff4f83f1db630fd490dac5adf9608349d3a,"- Please try to switch to a different version of device firmware.
- Save your dataset and reset the axis module to factory setting. See if the error persists, or if it comes with activating a certain feature.
",What steps should be taken if the error persists after all recommended actions?,A2,Seek help from the device manufacturer or a professional technician.,2.8125,3.03125,3.78125,0.74609375,0.1796875
42,msd_servo_drive.txt,175,34362dd787387db763f8b8c95c54fff4f83f1db630fd490dac5adf9608349d3a,"- Please try to switch to a different version of device firmware.
- Save your dataset and reset the axis module to factory setting. See if the error persists, or if it comes with activating a certain feature.
",What steps should be taken if the error persists after all recommended actions?,A3,Explore additional troubleshooting options or consult the user manual.,1.7109375,1.9453125,3.546875,0.6796875,0.1826171875
43,msd_servo_drive.txt,175,34362dd787387db763f8b8c95c54fff4f83f1db630fd490dac5adf9608349d3a,"- Please try to switch to a different version of device firmware.
- Save your dataset and reset the axis module to factory setting. See if the error persists, or if it comes with activating a certain feature.
",What steps should be taken if the error persists after all recommended actions?,A4,It may be necessary to investigate hardware issues or other underlying causes.,1.984375,2.296875,3.484375,0.765625,0.3046875
44,msd_servo_drive.txt,175,34362dd787387db763f8b8c95c54fff4f83f1db630fd490dac5adf9608349d3a,"- Please try to switch to a different version of device firmware.
- Save your dataset and reset the axis module to factory setting. See if the error persists, or if it comes with activating a certain feature.
",What steps should be taken if the error persists after all recommended actions?,A5,Look for online forums or communities for similar issues and solutions.,2.078125,2.1875,3.484375,0.53125,0.205078125
45,msd_servo_drive.txt,175,34362dd787387db763f8b8c95c54fff4f83f1db630fd490dac5adf9608349d3a,"- Please try to switch to a different version of device firmware.
- Save your dataset and reset the axis module to factory setting. See if the error persists, or if it comes with activating a certain feature.
",Why is it important to save the dataset before any reset?,A1,To prevent data loss during the reset process.,2.15625,2.328125,3.671875,0.71875,0.21875
46,msd_servo_drive.txt,175,34362dd787387db763f8b8c95c54fff4f83f1db630fd490dac5adf9608349d3a,"- Please try to switch to a different version of device firmware.
- Save your dataset and reset the axis module to factory setting. See if the error persists, or if it comes with activating a certain feature.
",Why is it important to save the dataset before any reset?,A2,Ensuring data is saved avoids losing important information.,1.953125,2.078125,3.578125,0.62890625,0.310546875
47,msd_servo_drive.txt,175,34362dd787387db763f8b8c95c54fff4f83f1db630fd490dac5adf9608349d3a,"- Please try to switch to a different version of device firmware.
- Save your dataset and reset the axis module to factory setting. See if the error persists, or if it comes with activating a certain feature.
",Why is it important to save the dataset before any reset?,A3,Saving safeguards against accidental deletion of data.,1.6640625,1.75,3.40625,0.63671875,0.240234375
48,msd_servo_drive.txt,175,34362dd787387db763f8b8c95c54fff4f83f1db630fd490dac5adf9608349d3a,"- Please try to switch to a different version of device firmware.
- Save your dataset and reset the axis module to factory setting. See if the error persists, or if it comes with activating a certain feature.
",Why is it important to save the dataset before any reset?,A4,To maintain data integrity and availability post-reset.,2.21875,2.390625,3.625,0.8515625,0.306640625
49,msd_servo_drive.txt,175,34362dd787387db763f8b8c95c54fff4f83f1db630fd490dac5adf9608349d3a,"- Please try to switch to a different version of device firmware.
- Save your dataset and reset the axis module to factory setting. See if the error persists, or if it comes with activating a certain feature.
",Why is it important to save the dataset before any reset?,A5,It's a precautionary measure to keep your dataset secure.,1.9296875,2.140625,3.5,0.58984375,0.2333984375
